UniProt_ID	CAZy_family	Cat_Group_Accessions_Used	PDB_Before_AF3_Cutoff_Count	PDB_IDs_Before_AF3_Cutoff
P9WEM3	AA10	P9WEM3;O83009	3	2BEM;2BEN;2LHS
O83009	AA10	P9WEM3	3	2BEM;2BEN;2LHS
A3KKC4	AA10	A3KKC4	0	
A3KIM2	AA10	A3KIM2	0	
Q838S1	AA10	Q838S1	7	4A02;4ALC;4ALE;4ALQ;4ALR;4ALS;4ALT
Q9I589	AA10	Q9I589;Q02I11	0	
Q02I11	AA10	Q9I589	0	
A7N3J0	AA10	A7N3J0	0	
B6EQB6	AA10	B6EQB6	0	
A0A7D5JVI4	AA10	A0A7D5JVI4	0	
C7R4I0	AA10	C7R4I0	3	5AA7;5VG0;5VG1
Q9RFX5	AA10	Q9RFX5	0	
B3PDT6	AA10	B3PDT6	0	
A0A0A1ED04	AA10	A0A0A1ED04	0	
A0A9P1NI18	AA10	A0A9P1NI18;Q9F9Q5	4	2YOW;2YOX;2YOY;5IJU
B1VN59	AA10	B1VN59	0	
B6EQJ6	AA10	B6EQJ6	0	
C5BKQ9	AA10	C5BKQ9	1	6RW7
Q2SNS3	AA10	Q2SNS3	0	
Q47QG3	AA10	Q47QG3	2	4GBO;5UIZ
D0EW65	AA10	D0EW65	0	
D5UGA8	AA10	D5UGA8	0	
Q62YN7	AA10	Q62YN7;D0EW67	0	
Q9RJC1	AA10	Q9RJC1	2	4OY6;4OY8
D5UGB1	AA10	D5UGB1	0	
D5UHY1	AA10	D5UHY1	0	
F4H6A3	AA10	F4H6A3	0	
Q7N4I5	AA10	Q7N4I5	1	6T5Z
Q8Y4H4	AA10	Q8Y4H4	0	
Q9RJY2	AA10	Q9RJY2	1	4OY7
Q9S296	AA10	Q9S296	0	
A0A0C5K362	AA10	A0A0C5K362;Q81CE4	1	5WSZ
A0A7U9DRA2	AA10	A0A7U9DRA2;Q9RDB8	1	5FTZ
A0A8D3WFW9	AA10	A0A8D3WFW9	0	
B1VNK5	AA10	B1VNK5	0	
D0EW67	AA10	Q62YN7	0	
D5UH31	AA10	D5UH31	0	
Q47PB9	AA10	Q47PB9	0	
Q59930	AA10	Q59930	0	
B1J2U9	AA10	B1J2U9	0	
B3PJ79	AA10	B3PJ79	1	5FJQ
D6Y7U3	AA10	D6Y7U3	0	
A0A0D1CHL0	AA10	A0A0D1CHL0	0	
Q9KLD5	AA10	Q9KLD5;A9Y370;A6XA54	1	2XWX
A9Y370	AA10	Q9KLD5;A6XA54	1	2XWX
A6XA54	AA10	Q9KLD5;A9Y370	1	2XWX
O70709	AA10	O70709	1	4YN1
A0A8K1XN59	AA10	A0A8K1XN59	0	
W5QLL4	AA10	W5QLL4	1	6IF7
Q2UA85	AA11	Q2UA85	2	4MAH;4MAI
B0XZD3	AA11	B0XZD3	0	
Q0CGA6	AA13	Q0CGA6	0	
Q5B1W7	AA13	Q5B1W7	0	
Q2U8Y3	AA13	Q2U8Y3	8	4OPB;5LSV;5T7J;5T7K;5T7N;6TBQ;6TBR;6TC4
Q7SCE9	AA13	Q7SCE9	0	
A0A4Z1IKG2	AA13	A0A4Z1IKG2	0	
A0A1G4BH63	AA13	A0A1G4BH63	0	
A0AAN4PGW3	AA13	A0AAN4PGW3	0	
C7Z3N0	AA13	C7Z3N0	0	
G2QP40	AA13	G2QP40	0	
Q6MWQ3	AA13	Q6MWQ3	0	
A0A2I6QB00	AA14	A0A2I6QB00	1	5NO7
A0A2I6QAZ5	AA14	A0A2I6QAZ5	0	
A0A7H8R162	AA14	A0A7H8R162	0	
A0A2N8U5K6	AA15	A0A2N8U5K6;A0A2R2JFH0	1	5MSZ
A0A2R2JFH0	AA15	A0A2N8U5K6	1	5MSZ
A0A2N8U5I8	AA15	A0A2N8U5I8	0	
W4GRV7	AA15	W4GRV7	0	
A0A1L9X7U6	AA16	A0A1L9X7U6	0	
A0A833WPX8	AA17	A0A833WPX8	0	
G4YSM3	AA17	G4YSM3	0	
D0N2F7	AA17	D0N2F7	0	
D0N2F6	AA17	D0N2F6	0	
G4YSM7	AA17	G4YSM7	0	
G3XAP7	AA9	G3XAP7	2	2YET;3ZUD
Q4WP32	AA9	Q4WP32	4	5X6A;6H1Z;6HA5;6HAQ
Q5BCX8	AA9	Q5BCX8	0	
A0A0S2GKZ1	AA9	A0A0S2GKZ1	17	5ACF;5ACG;5ACH;5ACI;5ACJ;5N04;5N05;5NKW;5NLN;5NLO;5NLP;5NLQ;5NLR;5NLS;6YDG;7NIM;7NIN
Q7S439	AA9	Q7S439	1	5FOH
G2Q9T3	AA9	G2Q9T3	0	
G2QAB5	AA9	G2QAB5	1	5UFV
Q7SHI8	AA9	Q7SHI8	2	4D7U;4D7V
H1AE14	AA9	H1AE14	1	4B5Q
Q1K8B6	AA9	Q1K8B6;Q8WZQ2	5	4EIR;5TKF;5TKG;5TKH;5TKI
Q8WZQ2	AA9	Q1K8B6	5	4EIR;5TKF;5TKG;5TKH;5TKI
A0A223GEC9	AA9	A0A223GEC9	5	5NLT;6YDC;6YDD;6YDE;6YDF
B2ARG6	AA9	B2ARG6	0	
Q7SHD9	AA9	Q7SHD9;Q6MGH2	0	
Q6MGH2	AA9	Q7SHD9	0	
B2B629	AA9	B2B629	0	
Q1K4Q1	AA9	Q1K4Q1;Q873G1	1	4QI8
Q873G1	AA9	Q1K4Q1	1	4QI8
Q7RWN7	AA9	Q7RWN7	0	
S7RK00	AA9	S7RK00	0	
A0A6C0M6J9	AA9	A0A6C0M6J9	0	
B2ADG1	AA9	B2ADG1	0	
B2ATL7	AA9	B2ATL7	0	
B2AVF1	AA9	B2AVF1	0	
W4KMP1	AA9	W4KMP1	1	5NNS
A0A0H4K9X4	AA9	A0A0H4K9X4	0	
A0A1C9ZP88	AA9	A0A1C9ZP88	0	
B2B403	AA9	B2B403	0	
A0A6C0PI79	AA9	A0A6C0PI79;M2QX02	0	
M2QX02	AA9	A0A6C0PI79	0	
M2QEW2	AA9	M2QEW2	0	
A0A167KNY8	AA9	A0A167KNY8	0	
A0A3S4B613	AA9	A0A3S4B613	0	
A0A8F2JFW3	AA9	A0A8F2JFW3	0	
D0VWZ9	AA9	A0A446BDM9;G2RGE5	2	3EII;3EJA
G2QI82	AA9	G2QI82	0	
M2RAI8	AA9	M2RAI8	0	
A0A446BDM8	AA9	A0A446BDM8	0	
Q7S111	AA9	Q7S111	0	
Q7SA19	AA9	Q7SA19	1	4EIS
G2Q7A5	AA9	G2Q7A5	0	
Q7SCJ5	AA9	Q7SCJ5	0	
A0A167KNZ4	AA9	A0A167KNZ4	0	
A0A3S4ATQ2	AA9	A0A3S4ATQ2	0	
A0A446B9M7	AA9	A0A446B9M7	0	
A0A446BDM9	AA9	A0A446BDM9;G2RGE5;D0VWZ9	2	3EII;3EJA
G2RGE5	AA9	A0A446BDM9;D0VWZ9	2	3EII;3EJA
A0A8F2FAB6	AA9	A0A8F2FAB6	0	
G2Q9F7	AA9	G2Q9F7	0	
G0R6T8	AA9	G0R6T8;O14405	2	5O2W;5O2X
O14405	AA9	G0R6T8	2	5O2W;5O2X
Q9F9Q5	AA10	A0A9P1NI18	4	2YOW;2YOX;2YOY;5IJU
Q9RDB8	AA10	A0A7U9DRA2	1	5FTZ
A0A6I7U4Z8	AA10	A0A6I7U4Z8	0	
A0A1C6SBM0	AA10	A0A1C6SBM0	0	
Q81CE4	AA10	A0A0C5K362	1	5WSZ
Q4WEH3	AA11	Q4WEH3	0	